PdVPr,x,x1,x2,y,y1,y2
LR(0) v DL(0),761,380,380,-978,-576,-402
LR(0) v DL(0.1),699,355,343,-717,-378,-340
LR(0) v DL(0.3),699,369,329,-575,-295,-281
LR(0) v DL(0.5),294,151,142,-228,-114,-114
LR(0) v DL(0.7),196,86,109,-156,-79,-78
LR(0) v DL(0.9),173,81,92,-154,-83,-71
LR(0) v DL(1),170,79,90,-141,-73,-68
LR(0.1) v DL(0),814,368,446,-1170,-704,-467
LR(0.1) v DL(0.1),785,361,424,-768,-376,-392
LR(0.1) v DL(0.3),708,345,362,-515,-250,-265
LR(0.1) v DL(0.5),398,196,202,-294,-147,-147
LR(0.1) v DL(0.7),190,86,103,-161,-83,-78
LR(0.1) v DL(0.9),206,93,113,-162,-79,-83
LR(0.1) v DL(1),175,86,88,-147,-75,-72
LR(0.3) v DL(0),796,376,420,-1482,-1072,-411
LR(0.3) v DL(0.1),1109,475,634,-939,-529,-410
LR(0.3) v DL(0.3),938,413,525,-706,-361,-346
LR(0.3) v DL(0.5),309,148,161,-243,-122,-122
LR(0.3) v DL(0.7),212,107,104,-171,-90,-81
LR(0.3) v DL(0.9),203,95,107,-153,-78,-76
LR(0.3) v DL(1),292,131,161,-238,-119,-119
LR(0.5) v DL(0),3591,1795,1795,-3165,-2107,-1058
LR(0.5) v DL(0.1),3077,1538,1538,-2198,-1620,-579
LR(0.5) v DL(0.3),2421,1210,1210,-1712,-771,-941
LR(0.5) v DL(0.5),849,424,424,-633,-316,-316
LR(0.5) v DL(0.7),557,278,278,-401,-226,-175
LR(0.5) v DL(0.9),571,285,285,-389,-278,-112
LR(0.5) v DL(1),427,213,213,-340,-231,-109
LR(0.7) v DL(0),4308,2772,1536,-3293,-2272,-1022
LR(0.7) v DL(0.1),4584,2987,1597,-3074,-1940,-1135
LR(0.7) v DL(0.3),3128,2003,1125,-2004,-923,-1082
LR(0.7) v DL(0.5),1145,687,458,-759,-380,-380
LR(0.7) v DL(0.7),773,464,308,-531,-293,-238
LR(0.7) v DL(0.9),621,384,237,-434,-251,-183
LR(0.7) v DL(1),615,368,247,-426,-265,-162
LR(0.9) v DL(0),3088,2411,677,-2733,-1147,-1587
LR(0.9) v DL(0.1),2624,1974,649,-2134,-856,-1279
LR(0.9) v DL(0.3),2482,1843,639,-1731,-819,-912
LR(0.9) v DL(0.5),1106,735,371,-752,-376,-376
LR(0.9) v DL(0.7),725,521,203,-480,-243,-238
LR(0.9) v DL(0.9),575,395,179,-402,-240,-163
LR(0.9) v DL(1),600,421,178,-440,-260,-180
LR(1) v DL(0),3863,3352,510,-3111,-1840,-1271
LR(1) v DL(0.1),5269,4737,531,-3631,-2163,-1468
LR(1) v DL(0.3),2317,1826,491,-1611,-819,-792
LR(1) v DL(0.5),976,680,295,-661,-330,-330
LR(1) v DL(0.7),716,559,156,-509,-259,-251
LR(1) v DL(0.9),623,496,127,-436,-270,-166
LR(1) v DL(1),723,479,243,-494,-285,-208
MD(0) v LL(0),807,412,394,-1375,-727,-648
MD(0) v LL(0.1),859,452,406,-1023,-508,-516
MD(0) v LL(0.3),808,418,389,-624,-310,-314
MD(0) v LL(0.5),281,135,146,-256,-128,-128
MD(0) v LL(0.7),194,110,84,-171,-85,-87
MD(0) v LL(0.9),191,101,89,-165,-80,-86
MD(0) v LL(1),175,89,86,-165,-82,-84
MD(0.1) v LL(0),882,475,406,-1203,-631,-572
MD(0.1) v LL(0.1),905,459,446,-1096,-529,-568
MD(0.1) v LL(0.3),973,503,469,-759,-390,-369
MD(0.1) v LL(0.5),300,143,157,-245,-123,-123
MD(0.1) v LL(0.7),249,121,128,-203,-103,-100
MD(0.1) v LL(0.9),197,93,103,-170,-92,-79
MD(0.1) v LL(1),218,123,94,-184,-93,-92
MD(0.3) v LL(0),1220,595,624,-1508,-754,-754
MD(0.3) v LL(0.1),1141,574,567,-1163,-613,-551
MD(0.3) v LL(0.3),1043,542,501,-821,-420,-402
MD(0.3) v LL(0.5),481,231,249,-367,-184,-184
MD(0.3) v LL(0.7),276,140,136,-214,-107,-108
MD(0.3) v LL(0.9),346,159,186,-264,-158,-106
MD(0.3) v LL(1),2404,1137,1266,-2126,-851,-1276
MD(0.5) v LL(0),5966,2983,2983,-4394,-1172,-3222
MD(0.5) v LL(0.1),6211,3105,3105,-4380,-2300,-2081
MD(0.5) v LL(0.3),5266,2633,2633,-3109,-1734,-1375
MD(0.5) v LL(0.5),1130,565,565,-814,-407,-407
MD(0.5) v LL(0.7),927,463,463,-645,-319,-326
MD(0.5) v LL(0.9),672,336,336,-476,-124,-352
MD(0.5) v LL(1),598,299,299,-430,-296,-135
MD(0.7) v LL(0),6548,3323,3224,-4957,-1120,-3837
MD(0.7) v LL(0.1),9237,4630,4606,-5966,-3122,-2844
MD(0.7) v LL(0.3),4053,1959,2094,-2506,-1271,-1235
MD(0.7) v LL(0.5),1900,993,907,-1222,-611,-611
MD(0.7) v LL(0.7),863,434,429,-604,-244,-360
MD(0.7) v LL(0.9),993,506,486,-709,-344,-366
MD(0.7) v LL(1),1050,529,520,-743,-445,-298
MD(0.9) v LL(0),6571,3025,3545,-4940,-1876,-3064
MD(0.9) v LL(0.1),6476,3671,2805,-4355,-2011,-2344
MD(0.9) v LL(0.3),3140,1378,1761,-2043,-1139,-904
MD(0.9) v LL(0.5),1658,800,858,-1082,-541,-541
MD(0.9) v LL(0.7),1046,562,483,-739,-334,-405
MD(0.9) v LL(0.9),983,509,474,-706,-435,-271
MD(0.9) v LL(1),943,495,447,-662,-428,-234
MD(1) v LL(0),9925,5500,4424,-6312,-3466,-2847
MD(1) v LL(0.1),11044,5584,5459,-6409,-3013,-3397
MD(1) v LL(0.3),3913,2419,1493,-2509,-1189,-1321
MD(1) v LL(0.5),1888,875,1013,-1248,-624,-624
MD(1) v LL(0.7),1241,740,501,-847,-469,-379
MD(1) v LL(0.9),999,557,441,-713,-311,-403
MD(1) v LL(1),1065,568,496,-760,-310,-451
DL(0) v DD(0),1600,852,748,-1629,-782,-848
DL(0) v DD(0.1),1338,696,641,-1164,-536,-628
DL(0) v DD(0.3),868,432,436,-655,-326,-330
DL(0) v DD(0.5),295,127,168,-237,-119,-119
DL(0) v DD(0.7),230,106,124,-178,-89,-90
DL(0) v DD(0.9),191,104,86,-176,-91,-85
DL(0) v DD(1),240,125,114,-190,-98,-92
DL(0.1) v DD(0),1480,717,762,-1804,-850,-955
DL(0.1) v DD(0.1),1347,672,675,-1204,-589,-615
DL(0.1) v DD(0.3),1272,609,662,-938,-462,-476
DL(0.1) v DD(0.5),421,200,220,-312,-156,-156
DL(0.1) v DD(0.7),235,112,122,-182,-90,-93
DL(0.1) v DD(0.9),224,105,118,-176,-85,-92
DL(0.1) v DD(1),237,117,119,-193,-100,-94
DL(0.3) v DD(0),2404,1137,1266,-2126,-851,-1276
DL(0.3) v DD(0.1),1419,722,697,-1221,-562,-659
DL(0.3) v DD(0.3),183,97,85,-168,-80,-88
DL(0.3) v DD(0.5),561,269,292,-400,-200,-200
DL(0.3) v DD(0.7),352,184,168,-269,-140,-130
DL(0.3) v DD(0.9),235,119,115,-198,-107,-91
DL(0.3) v DD(1),233,113,120,-184,-100,-84
DL(0.5) v DD(0),4946,2473,2473,-3868,-2036,-1833
DL(0.5) v DD(0.1),5743,2871,2871,-3689,-1873,-1817
DL(0.5) v DD(0.3),3488,1744,1744,-2238,-1027,-1211
DL(0.5) v DD(0.5),1583,791,791,-1125,-563,-563
DL(0.5) v DD(0.7),1174,587,587,-755,-351,-405
DL(0.5) v DD(0.9),1077,538,538,-732,-463,-270
DL(0.5) v DD(1),831,415,415,-622,-517,-106
DL(0.7) v DD(0),5687,2845,2841,-4614,-2289,-2326
DL(0.7) v DD(0.1),7255,3692,3562,-4801,-1977,-2825
DL(0.7) v DD(0.3),5151,2930,2221,-3225,-1494,-1731
DL(0.7) v DD(0.5),2245,1115,1130,-1487,-744,-744
DL(0.7) v DD(0.7),1385,662,723,-916,-458,-458
DL(0.7) v DD(0.9),1225,584,640,-823,-536,-287
DL(0.7) v DD(1),1378,668,709,-907,-453,-454
DL(0.9) v DD(0),8350,4010,4339,-6015,-2733,-3283
DL(0.9) v DD(0.1),7813,4281,3531,-5028,-2906,-2123
DL(0.9) v DD(0.3),5669,2216,3453,-3563,-1993,-1571
DL(0.9) v DD(0.3),2842,1546,1296,-1739,-870,-870
DL(0.9) v DD(0.7),1546,710,836,-1035,-507,-528
DL(0.9) v DD(0.9),1295,629,665,-894,-413,-482
DL(0.9) v DD(1),1128,551,576,-792,-188,-604
DL(1) v DD(0),8619,4329,4289,-5915,-2676,-3240
DL(1) v DD(0.1),8976,3916,5060,-5569,-3067,-2503
DL(1) v DD(0.3),7503,3337,4166,-4258,-2157,-2101
DL(1) v DD(0.5),2519,1183,1335,-1598,-799,-799
DL(1) v DD(0.7),1666,793,873,-1092,-557,-536
DL(1) v DD(0.9),1408,680,727,-915,-455,-461
DL(1) v DD(1),1438,641,797,-973,-510,-463
ML(0) v MM(0),914,458,456,-1470,-781,-689
ML(0) v MM(0.1),979,470,509,-1069,-560,-510
ML(0) v MM(0.3),909,471,437,-713,-365,-348
ML(0) v MM(0.5),370,196,173,-273,-137,-137
ML(0) v MM(0.7),223,96,127,-205,-108,-98
ML(0) v MM(0.9),177,83,93,-154,-78,-76
ML(0) v MM(1),182,92,89,-156,-83,-73
ML(0.1) v MM(0),887,448,438,-1794,-895,-899
ML(0.1) v MM(0.1),968,476,492,-1152,-601,-551
ML(0.1) v MM(0.3),908,442,465,-725,-356,-370
ML(0.1) v MM(0.5),303,151,151,-243,-122,-122
ML(0.1) v MM(0.7),193,93,99,-169,-84,-85
ML(0.1) v MM(0.9),173,80,93,-144,-69,-76
ML(0.1) v MM(1),178,88,90,-159,-80,-80
ML(0.3) v MM(0),1231,660,570,-1636,-825,-812
ML(0.3) v MM(0.1),1747,1012,734,-1568,-943,-625
ML(0.3) v MM(0.3),1052,528,524,-811,-399,-413
ML(0.3) v MM(0.5),505,254,251,-384,-192,-192
ML(0.3) v MM(0.7),234,115,119,-195,-96,-100
ML(0.3) v MM(0.9),206,104,101,-176,-78,-99
ML(0.3) v MM(1),198,101,96,-167,-90,-77
ML(0.5) v MM(0),4120,2060,2060,-3600,-920,-2681
ML(0.5) v MM(0.1),5380,2690,2690,-3749,-1865,-1884
ML(0.5) v MM(0.3),3288,1644,1644,-2073,-1061,-1013
ML(0.5) v MM(0.5),1677,838,838,-1139,-570,-570
ML(0.5) v MM(0.7),692,346,346,-469,-208,-262
ML(0.5) v MM(0.9),818,409,409,-579,-223,-356
ML(0.5) v MM(1),499,249,249,-412,-249,-164
ML(0.7) v MM(0),6805,3433,3372,-4771,-3636,-1135
ML(0.7) v MM(0.1),7324,3802,3521,-4984,-2392,-2592
ML(0.7) v MM(0.3),8058,3955,4102,-4560,-2314,-2247
ML(0.7) v MM(0.5),1962,987,975,-1308,-654,-654
ML(0.7) v MM(0.7),1061,531,529,-740,-423,-318
ML(0.7) v MM(0.9),1059,524,535,-751,-367,-384
ML(0.7) v MM(1),1212,625,586,-825,-352,-474
ML(0.9) v MM(0),8245,4450,3795,-5842,-2120,-3722
ML(0.9) v MM(0.1),8274,4545,3728,-5748,-3556,-2192
ML(0.9) v MM(0.3),7031,3701,3330,-4122,-2168,-1955
ML(0.9) v MM(0.5),1736,778,958,-1181,-591,-591
ML(0.9) v MM(0.7),1411,673,737,-945,-439,-507
ML(0.9) v MM(0.9),1122,585,536,-797,-420,-377
ML(0.9) v MM(1),1107,576,530,-802,-365,-438
ML(1) v MM(0),9850,5110,4740,-6386,-3185,-3202
ML(1) v MM(0.1),7558,3413,4144,-4864,-2753,-2112
ML(1) v MM(0.3),5714,3196,2517,-3410,-1560,-1850
ML(1) v MM(0.5),1855,896,958,-1266,-633,-633
ML(1) v MM(0.7),1319,688,631,-887,-431,-456
ML(1) v MM(0.9),1096,565,530,-765,-442,-323
ML(1) v MM(1),1239,599,639,-880,-367,-513
MR(0) v LL(0),744,365,379,-1117,-573,-545
MR(0) v LL(0.1),694,375,318,-784,-376,-409
MR(0) v LL(0.3),701,352,349,-498,-251,-248
MR(0) v LL(0.5),297,150,146,-217,-109,-109
MR(0) v LL(0.7),197,102,95,-182,-93,-90
MR(0) v LL(0.9),163,75,88,-141,-72,-69
MR(0) v LL(1),206,105,100,-169,-84,-85
MR(0.1) v LL(0),742,361,380,-1267,-614,-653
MR(0.1) v LL(0.1),738,370,367,-842,-429,-414
MR(0.1) v LL(0.3),756,351,405,-543,-270,-273
MR(0.1) v LL(0.5),437,245,192,-288,-144,-144
MR(0.1) v LL(0.7),187,97,90,-163,-81,-82
MR(0.1) v LL(0.9),157,77,79,-149,-80,-69
MR(0.1) v LL(1),174,85,89,-152,-79,-74
MR(0.3) v LL(0),1239,535,703,-1627,-895,-733
MR(0.3) v LL(0.1),1025,451,573,-1047,-523,-524
MR(0.3) v LL(0.3),1004,464,540,-689,-355,-334
MR(0.3) v LL(0.5),303,151,151,-226,-113,-113
MR(0.3) v LL(0.7),212,98,113,-169,-89,-81
MR(0.3) v LL(0.9),205,99,105,-166,-83,-84
MR(0.3) v LL(1),198,97,101,-169,-99,-71
MR(0.5) v LL(0),2700,1350,1350,-2702,-1856,-846
MR(0.5) v LL(0.1),2554,1277,1277,-1988,-1298,-690
MR(0.5) v LL(0.3),2138,1069,1069,-1263,-598,-666
MR(0.5) v LL(0.5),635,317,317,-484,-242,-242
MR(0.5) v LL(0.7),468,234,234,-343,-161,-183
MR(0.5) v LL(0.9),421,210,210,-292,-120,-173
MR(0.5) v LL(1),388,194,194,-309,-213,-96
MR(0.7) v LL(0),3367,2164,1203,-2907,-1931,-976
MR(0.7) v LL(0.1),3416,2198,1218,-2501,-721,-1780
MR(0.7) v LL(0.3),1910,1158,752,-1332,-618,-715
MR(0.7) v LL(0.5),950,548,401,-609,-305,-305
MR(0.7) v LL(0.7),665,395,269,-435,-226,-209
MR(0.7) v LL(0.9),569,326,243,-385,-222,-164
MR(0.7) v LL(1),576,331,245,-382,-273,-110
MR(0.9) v LL(0),4300,3438,862,-3415,-818,-2597
MR(0.9) v LL(0.1),6027,4937,1090,-4182,-2040,-2142
MR(0.9) v LL(0.3),1579,1065,514,-1136,-534,-603
MR(0.9) v LL(0.5),783,505,277,-557,-279,-279
MR(0.9) v LL(0.7),527,357,170,-370,-178,-192
MR(0.9) v LL(0.9),636,427,208,-422,-210,-213
MR(0.9) v LL(1),519,352,166,-361,-194,-168
MR(1) v LL(0),3608,3141,466,-3159,-994,-2166
MR(1) v LL(0.1),4885,4327,558,-3373,-1974,-1399
MR(1) v LL(0.3),2148,1728,419,-1455,-718,-737
MR(1) v LL(0.5),990,657,332,-680,-340,-340
MR(1) v LL(0.7),626,435,191,-412,-208,-205
MR(1) v LL(0.9),591,393,197,-407,-177,-231
MR(1) v LL(1),496,365,131,-371,-93,-279
MM(0) v MM(0),964,497,466,-1443,-713,-730
MM(0) v MM(0.1),954,469,485,-1046,-536,-510
MM(0) v MM(0.3),774,374,399,-607,-305,-303
MM(0) v MM(0.5),329,128,201,-244,-122,-122
MM(0) v MM(0.7),192,101,91,-179,-86,-93
MM(0) v MM(0.9),192,101,91,-163,-80,-84
MM(0) v MM(1),176,92,83,-165,-82,-83
MM(0.1) v MM(0),950,488,462,-1499,-730,-770
MM(0.1) v MM(0.1),1079,566,512,-1326,-639,-688
MM(0.1) v MM(0.3),950,506,444,-720,-361,-360
MM(0.1) v MM(0.5),294,154,140,-231,-116,-116
MM(0.1) v MM(0.7),182,89,92,-154,-79,-76
MM(0.1) v MM(0.9),191,94,97,-175,-87,-88
MM(0.1) v MM(1),217,111,106,-184,-78,-107
MM(0.3) v MM(0),1260,668,592,-1763,-834,-929
MM(0.3) v MM(0.1),2140,839,1301,-1669,-1088,-581
MM(0.3) v MM(0.3),1157,562,595,-901,-470,-432
MM(0.3) v MM(0.5),372,183,189,-306,-153,-153
MM(0.3) v MM(0.7),225,107,118,-187,-96,-92
MM(0.3) v MM(0.9),198,105,93,-164,-79,-85
MM(0.3) v MM(1),195,102,92,-162,-79,-83
MM(0.5) v MM(0),3500,1750,1750,-3486,-2616,-871
MM(0.5) v MM(0.1),3965,1982,1982,-2840,-1999,-841
MM(0.5) v MM(0.3),5226,2613,2613,-3083,-1598,-1485
MM(0.5) v MM(0.5),1195,597,597,-916,-458,-458
MM(0.5) v MM(0.7),865,432,432,-604,-363,-241
MM(0.5) v MM(0.9),756,378,378,-523,-360,-164
MM(0.5) v MM(1),764,382,382,-596,-252,-344
MM(0.7) v MM(0),7053,3425,3627,-5174,-3381,-1793
MM(0.7) v MM(0.1),7887,4048,3838,-5154,-3578,-1577
MM(0.7) v MM(0.3),3409,1557,1851,-2270,-1128,-1143
MM(0.7) v MM(0.5),1832,970,861,-1182,-591,-591
MM(0.7) v MM(0.7),1112,554,558,-750,-373,-378
MM(0.7) v MM(0.9),1260,607,652,-862,-396,-467
MM(0.7) v MM(1),1077,525,552,-754,-366,-389
MM(0.9) v MM(0),8699,4379,4319,-6324,-3319,-3006
MM(0.9) v MM(0.1),11948,6052,5895,-6958,-3169,-3789
MM(0.9) v MM(0.3),5674,3164,2510,-3416,-1583,-1834
MM(0.9) v MM(0.5),1764,858,906,-1192,-596,-596
MM(0.9) v MM(0.7),1120,580,539,-791,-413,-378
MM(0.9) v MM(0.9),1161,598,562,-821,-563,-259
MM(0.9) v MM(1),1196,597,599,-839,-298,-542
MM(1) v MM(0),9919,5087,4831,-6465,-2952,-3513
MM(1) v MM(0.1),1333,662,670,-878,-455,-423
MM(1) v MM(0.3),5596,2852,2744,-3373,-1746,-1628
MM(1) v MM(0.5),1863,1023,840,-1257,-629,-629
MM(1) v MM(0.1),1181,612,569,-799,-331,-469
MM(1) v MM(0.9),1185,609,576,-826,-300,-527
MM(1) v MM(1),1113,576,537,-769,-308,-462
LR(0)  v DD(0),734,375,359,-1212,-461,-751
LR(0)  v DD(0.1),787,407,379,-862,-456,-406
LR(0)  v DD(0.3),803,366,436,-643,-314,-330
LR(0)  v DD(0.5),369,173,196,-266,-133,-133
LR(0)  v DD(0.7),208,103,105,-178,-88,-90
LR(0) v DD(0.9),183,74,109,-155,-77,-79
LR(0)  v DD(1),214,99,115,-178,-89,-90
LR(0.1)  v DD(0),807,416,391,-1208,-624,-585
LR(0.1)  v DD(0.1),791,375,415,-871,-409,-462
LR(0.1)  v DD(0.3),773,351,422,-607,-303,-304
LR(0.1)  v DD(0.5),322,149,173,-260,-130,-130
LR(0.1)  v DD(0.7),207,98,109,-178,-87,-91
LR(0.1)  v DD(0.9),202,84,117,-167,-79,-88
LR(0.1)  v DD(1),202,93,109,-175,-81,-94
LR(0.3) v DD(0),2708,1000,1708,-2585,-1589,-996
LR(0.3)  v DD(0.1),1736,667,1068,-1478,-678,-800
LR(0.3) v DD(0.3),1294,538,756,-854,-391,-463
LR(0.3) v DD(0.5),317,149,168,-263,-132,-132
LR(0.3)  v DD(0.7),227,104,123,-185,-92,-94
LR(0.3) v DD(0.9),209,103,106,-167,-87,-81
LR(0.3) v DD(1),192,90,101,-172,-91,-82
LR(0.5) v DD(0),3611,1805,1805,-3397,-2217,-1180
LR(0.5)  v DD(0.1),3891,1945,1945,-2758,-894,-1864
LR(0.5) v DD(0.3),3569,1784,1784,-2148,-1035,-1114
LR(0.5) v DD(0.5),995,497,497,-740,-370,-370
LR(0.5)  v DD(0.7),576,288,288,-409,-242,-168
LR(0.5) v DD(0.9),682,341,341,-465,-229,-237
LR(0.5) v DD(1),481,240,240,-354,-264,-91
LR(0.7)  v DD(0),4268,2785,1482,-4003,-2115,-1888
LR(0.7)  v DD(0.1),5192,3418,1774,-3184,-1911,-1273
LR(0.7)  v DD(0.3),3264,2110,1153,-2003,-1064,-939
LR(0.7)  v DD(0.5),1260,742,518,-863,-432,-432
LR(0.7)  v DD(0.7),800,493,306,-536,-261,-275
LR(0.7)  v DD(0.9),668,410,257,-457,-209,-248
LR(0.7)  v DD(1),538,327,211,-387,-221,-167
LR(0.9) v DD(0),3662,2921,741,-3134,-932,-2202
LR(0.9)  v DD(0.1),2855,2225,629,-2729,-1008,-1722
LR(0.9) v DD(0.3),3084,2418,666,-2132,-1070,-1063
LR(0.9) v DD(0.5),1255,832,422,-818,-409,-409
LR(0.9)  v DD(0.7),871,629,241,-565,-262,-303
LR(0.9) v DD(0.9),719,495,223,-496,-244,-253
LR(0.9) v DD(1),664,466,197,-441,-198,-243
LR(1) v DD(0),3620,3143,477,-3004,-2081,-923
LR(1)  v DD(0.1),4898,4348,549,-3491,-1845,-1646
LR(1) v DD(0.3),3054,2607,446,-1900,-882,-1018
LR(1) v DD(0.5),1300,892,407,-868,-434,-434
LR(1)  v DD(0.1),765,563,201,-511,-271,-240
LR(1) v DD(0.9),644,483,160,-450,-219,-231
LR(1) v DD(1),648,474,173,-439,-236,-204
LL(0) v MR(0),709,347,361,-4436,-2053,-2384
LL(0) v MR(0.1),700,346,354,-4126,-2200,-1927
LL(0) v MR(0.3),885,458,427,-3298,-2035,-1264
LL(0) v MR(0.5),928,421,507,-2824,-1412,-1412
LL(0) v MR(0.7),962,445,517,-2129,-792,-1338
LL(0) v MR(0.9),439,212,227,-3119,-405,-2714
LL(0) v MR(1),447,229,217,-2414,-80,-2335
LL(0.1) v MR(0),700,346,354,-4126,-2200,-1927
LL(0.1) v MR(0.1),962,445,517,-2129,-792,-1338
LL(0.1) v MR(0.3),1184,544,639,-3018,-1827,-1191
LL(0.1) v MR(0.5),1114,557,557,-2697,-1349,-1349
LL(0.1) v MR(0.7),941,481,460,-3132,-1091,-2042
LL(0.1) v MR(0.9),420,206,214,-2919,-372,-2547
LL(0.1) v MR(1),494,223,270,-2200,-96,-2104
LL(0.3) v MR(0),1301,662,639,-3931,-2142,-1790
LL(0.3) v MR(0.3),1006,504,501,-3221,-1767,-1454
LL(0.3) v MR(0.5),1169,567,601,-3013,-1507,-1507
LL(0.3) v MR(0.7),1738,667,1071,-2888,-958,-1930
LL(0.3) v MR(0.9),987,410,577,-2442,-326,-2116
LL(0.3) v MR(1),1030,437,593,-2989,-96,-2893
LL(0.5) v MR(0),3096,1548,1548,-6098,-2311,-3787
LL(0.5) v MR(0.1),4839,2419,2419,-6039,-4123,-1917
LL(0.5) v MR(0.3),6925,3462,3462,-6188,-3379,-2809
LL(0.5) v MR(0.5),3585,1792,1792,-4509,-2255,-2255
LL(0.5) v MR(0.7),3640,1820,1820,-4776,-1850,-2927
LL(0.5) v MR(0.9),3098,1549,1549,-3460,-568,-2892
LL(0.5) v MR(1),4090,2045,2045,-4519,-234,-4286
LL(0.7) v MR(0),7136,3457,3679,-7626,-3653,-3973
LL(0.7) v MR(0.1),8428,4150,4277,-7518,-4441,-3078
LL(0.7) v MR(0.3),8288,4435,3852,-6322,-3306,-3016
LL(0.7) v MR(0.5),8200,4068,4132,-6289,-3145,-3145
LL(0.7) v MR(0.7),5152,2269,2883,-5103,-1816,-3288
LL(0.7) v MR(0.9),4776,2547,2229,-4394,-721,-3673
LL(0.7) v MR(1),4470,1651,2818,-4117,-383,-3735
LL(0.9) v MR(0),7936,3747,4189,-8146,-3403,-4744
LL(0.9) v MR(0.1),8703,4519,4184,-7936,-3908,-4029
LL(0.9) v MR(0.3),7662,3820,3841,-7580,-4055,-3525
LL(0.9) v MR(0.5),7967,3853,4113,-6522,-3261,-3261
LL(0.9) v MR(0.7),5087,2967,2119,-5203,-1844,-3360
LL(0.9) v MR(0.9),6715,3411,3304,-6064,-758,-5307
LL(0.9) v MR(1),4798,2472,2326,-5442,-336,-5106
LL(1) v MR(0),7609,4070,3538,-7648,-5435,-2213
LL(1) v MR(0.1),7384,3449,3934,-7909,-4157,-3753
LL(1) v MR(0.3),6718,3871,2847,-6677,-3440,-3238
LL(1) v MR(0.5),8409,4743,3665,-5896,-2948,-2948
LL(1) v MR(0.7),5249,2358,2891,-5748,-1910,-3839
LL(1) v MR(0.9),6368,3251,3117,-5620,-804,-4817
LL(1) v MR(1),6859,3363,3496,-5446,-296,-5150
RR(0) v ML(0),790,377,412,-1547,-837,-711
RR(0) v ML(0.1),650,327,322,-707,-367,-340
RR(0) v ML(0.3),686,353,333,-434,-218,-216
RR(0) v ML(0.5),294,160,133,-219,-110,-110
RR(0) v ML(0.7),224,102,122,-162,-84,-79
RR(0) v ML(0.9),219,92,127,-187,-97,-91
RR(0) v ML(1),195,105,89,-155,-80,-76
RR(0.1) v ML(0),718,357,360,-904,-448,-456
RR(0.1) v ML(0.1),694,352,342,-753,-364,-390
RR(0.1) v ML(0.3),666,323,343,-438,-224,-214
RR(0.1) v ML(0.5),317,133,183,-231,-116,-116
RR(0.1) v ML(0.7),216,107,108,-165,-82,-83
RR(0.1) v ML(0.9),199,106,92,-155,-75,-80
RR(0.1) v ML(1),205,105,100,-155,-77,-79
RR(0.3) v ML(0),755,375,379,-1247,-676,-571
RR(0.3) v ML(0.1),652,323,328,-725,-370,-355
RR(0.3) v ML(0.3),707,359,347,-482,-238,-245
RR(0.3) v ML(0.5),304,160,144,-236,-118,-118
RR(0.3) v ML(0.7),215,106,109,-170,-85,-86
RR(0.3) v ML(0.9),162,82,79,-136,-68,-68
RR(0.3) v ML(1),195,94,101,-143,-75,-68
RR(0.5) v ML(0),610,305,305,-1003,-506,-497
RR(0.5) v ML(0.1),669,334,334,-673,-328,-345
RR(0.5) v ML(0.3),649,324,324,-414,-212,-203
RR(0.5) v ML(0.5),393,196,196,-288,-144,-144
RR(0.5) v ML(0.7),193,96,96,-155,-78,-78
RR(0.5) v ML(0.9),165,82,82,-141,-68,-74
RR(0.5) v ML(1),177,88,88,-152,-75,-77
RR(0.7) v ML(0),736,371,364,-1413,-705,-709
RR(0.7) v ML(0.1),617,307,309,-708,-350,-359
RR(0.7) v ML(0.3),626,326,299,-436,-216,-221
RR(0.7) v ML(0.5),347,158,189,-228,-114,-114
RR(0.7) v ML(0.7),192,97,95,-147,-74,-74
RR(0.7) v ML(0.9),204,104,100,-160,-76,-84
RR(0.7) v ML(1),152,76,75,-131,-59,-73
RR(0.9) v ML(0),723,370,353,-1102,-503,-600
RR(0.9) v ML(0.1),711,366,344,-808,-415,-394
RR(0.9) v ML(0.3),548,264,284,-384,-191,-193
RR(0.9) v ML(0.5),304,162,141,-238,-119,-119
RR(0.9) v ML(0.7),195,85,109,-166,-80,-87
RR(0.9) v ML(0.9),206,115,90,-163,-90,-74
RR(0.9) v ML(1),190,101,89,-161,-79,-83
RR(1) v ML(0),649,266,383,-1349,-631,-718
RR(1) v ML(0.1),575,320,255,-655,-336,-319
RR(1) v ML(0.3),741,351,390,-471,-237,-234
RR(1) v ML(0.5),333,182,150,-230,-115,-115
RR(1) v ML(0.7),165,80,84,-137,-69,-68
RR(1) v ML(0.9),192,101,90,-146,-77,-70
RR(1) v ML(1),218,94,124,-163,-86,-78
MD(0) v MD(0),919,482,437,-1353,-723,-630
MD(0) v MD(0.1),687,331,356,-679,-332,-347
MD(0) v MD(0.3),925,445,479,-680,-331,-350
MD(0) v MD(0.5),272,154,118,-221,-111,-111
MD(0) v MD(0.7),199,91,107,-162,-83,-80
MD(0) v MD(0.9),196,99,96,-167,-78,-90
MD(0) v MD(1),206,101,105,-180,-87,-94
MD(0.1) v MD(0),669,327,341,-1079,-499,-581
MD(0.1) v MD(0.1),660,340,320,-665,-331,-335
MD(0.1) v MD(0.3),683,331,352,-476,-245,-232
MD(0.1) v MD(0.5),382,185,196,-256,-128,-128
MD(0.1) v MD(0.7),195,103,92,-152,-76,-77
MD(0.1) v MD(0.9),190,95,95,-157,-81,-77
MD(0.1) v MD(1),172,85,86,-155,-78,-78
MD(0.3) v MD(0),2328,1371,956,-1700,-512,-1189
MD(0.3) v MD(0.1),737,371,366,-798,-412,-387
MD(0.3) v MD(0.3),1098,592,506,-762,-364,-399
MD(0.3) v MD(0.5),457,219,237,-353,-177,-177
MD(0.3) v MD(0.7),187,93,94,-162,-78,-85
MD(0.3) v MD(0.9),228,111,116,-196,-99,-97
MD(0.3) v MD(1),248,122,126,-203,-87,-116
MD(0.5) v MD(0),4252,2126,2126,-3390,-708,-2683
MD(0.5) v MD(0.1),618,309,309,-679,-353,-326
MD(0.5) v MD(0.3),3258,1629,1629,-2274,-1146,-1129
MD(0.5) v MD(0.5),1458,729,729,-1023,-512,-512
MD(0.5) v MD(0.7),1015,507,507,-705,-272,-433
MD(0.5) v MD(0.9),975,487,487,-661,-209,-453
MD(0.5) v MD(1),758,379,379,-580,-155,-426
MD(0.7) v MD(0),645,322,323,-1131,-535,-596
MD(0.7) v MD(0.1),665,337,328,-719,-343,-377
MD(0.7) v MD(0.3),642,319,322,-450,-223,-227
MD(0.7) v MD(0.5),421,221,199,-267,-134,-134
MD(0.7) v MD(0.7),216,107,108,-161,-82,-80
MD(0.7) v MD(0.9),186,88,98,-162,-90,-73
MD(0.7) v MD(1),177,91,86,-147,-71,-76
MD(0.9) v MD(0),4812,2577,2234,-3913,-1630,-2284
MD(0.9) v MD(0.1),639,330,309,-723,-354,-370
MD(0.9) v MD(0.3),4208,1686,2522,-2675,-1275,-1400
MD(0.9) v MD(0.5),2153,1040,1112,-1429,-715,-715
MD(0.9) v MD(0.7),1363,712,650,-899,-422,-478
MD(0.9) v MD(0.9),1160,630,530,-807,-291,-516
MD(0.9) v MD(1),1172,614,558,-836,-302,-534
MD(1) v MD(0),5812,3220,2591,-4658,-1470,-3189
MD(1) v MD(0.1),637,308,328,-766,-388,-378
MD(1) v MD(0.3),5470,3216,2253,-3350,-1657,-1694
MD(1) v MD(0.5),1917,968,948,-1261,-631,-631
MD(1) v MD(0.7),209,108,101,-169,-83,-86
MD(1) v MD(0.9),1206,672,534,-839,-337,-503
MD(1) v MD(1),1179,614,565,-824,-349,-476
DR(0) v DD(0),877,424,453,-1601,-824,-777
DR(0) v DD(0.1),813,369,444,-891,-457,-434
DR(0) v DD(0.3),752,357,394,-596,-298,-299
DR(0) v DD(0.5),329,151,178,-251,-126,-126
DR(0) v DD(0.7),189,85,103,-161,-79,-82
DR(0) v DD(0.9),178,80,98,-166,-87,-79
DR(0) v DD(1),197,92,104,-184,-84,-100
DR(0.1) v DD(0),835,393,442,-1589,-730,-860
DR(0.1) v DD(0.1),820,366,453,-976,-513,-463
DR(0.1) v DD(0.3),761,328,433,-603,-299,-304
DR(0.1) v DD(0.5),309,141,167,-249,-125,-125
DR(0.1) v DD(0.7),216,98,118,-169,-85,-84
DR(0.1) v DD(0.9),205,101,103,-166,-80,-86
DR(0.1) v DD(1),194,86,108,-158,-84,-75
DR(0.3) v DD(0),1199,529,670,-1603,-778,-826
DR(0.3) v DD(0.1),1539,618,920,-1377,-590,-788
DR(0.3) v DD(0.3),1022,457,564,-785,-370,-415
DR(0.3) v DD(0.5),441,216,224,-352,-176,-176
DR(0.3) v DD(0.7),232,115,117,-205,-107,-99
DR(0.3) v DD(0.9),235,107,127,-193,-96,-97
DR(0.3) v DD(1),208,96,112,-162,-69,-94
DR(0.5) v DD(0),4533,2266,2266,-4820,-1712,-3108
DR(0.5) v DD(0.1),4213,2106,2106,-2704,-1971,-733
DR(0.5) v DD(0.3),3877,1938,1938,-2283,-1122,-1162
DR(0.5) v DD(0.5),909,454,454,-650,-325,-325
DR(0.5) v DD(0.7),733,366,366,-485,-246,-239
DR(0.5) v DD(0.9),481,240,240,-337,-162,-176
DR(0.5) v DD(1),503,251,251,-396,-197,-199
DR(0.7) v DD(0),4227,2743,1483,-3067,-1634,-1433
DR(0.7) v DD(0.1),3437,2213,1223,-2650,-837,-1813
DR(0.7) v DD(0.3),1441,871,569,-1057,-595,-463
DR(0.7) v DD(0.5),929,528,400,-650,-325,-325
DR(0.7) v DD(0.7),749,449,299,-524,-250,-275
DR(0.7) v DD(0.9),568,336,232,-399,-201,-198
DR(0.7) v DD(1),594,349,244,-408,-208,-200
DR(0.9) v DD(0),3397,2659,738,-4348,-1784,-2564
DR(0.9) v DD(0.1),3717,2966,750,-3037,-860,-2177
DR(0.9) v DD(0.3),3627,2855,771,-2268,-1148,-1121
DR(0.9) v DD(0.5),1181,722,459,-805,-403,-403
DR(0.9) v DD(0.1),616,413,203,-438,-264,-175
DR(0.9) v DD(0.9),637,434,202,-440,-232,-209
DR(0.9) v DD(1),559,387,171,-396,-225,-171
DR(1) v DD(0),4769,4245,523,-3749,-1931,-1819
DR(1) v DD(0.1),4137,3635,501,-2766,-840,-1927
DR(1) v DD(0.3),2363,1860,502,-1518,-702,-816
DR(1) v DD(0.5),1069,747,322,-717,-359,-359
DR(1) v DD(0.7),724,558,166,-507,-247,-261
DR(1) v DD(0.9),599,462,136,-420,-198,-223
DR(1) v DD(1),633,479,153,-450,-214,-237
RL(0) v RR(0),596,305,290,-4838,-2292,-2546
RL(0) v RR(0.1),284,306,-4858,-2469,-2389,
RL(0) v RR(0.3),546,267,279,-5656,-2777,-2879
RL(0) v RR(0.5),567,277,289,-4258,-2129,-2129
RL(0) v RR(0.7),586,298,288,-4624,-2320,-2305
RL(0) v RR(0.9),569,274,295,-5204,-2799,-2405
RL(0) v RR(1),596,311,284,-4639,-2114,-2526
RL(0.1) v RR(0),570,280,289,-4923,-2716,-2207
RL(0.1) v RR(0.1),563,287,275,-5833,-2852,-2982
RL(0.1) v RR(0.3),579,291,288,-5452,-2763,-2689
RL(0.1) v RR(0.5),632,307,324,-4409,-2205,-2205
RL(0.1) v RR(0.7),571,285,286,-5054,-2538,-2516
RL(0.1) v RR(0.9),540,258,281,-4329,-2299,-2031
RL(0.1) v RR(1),588,298,289,-5308,-2580,-2729
RL(0.3) v RR(0),672,353,318,-4181,-1887,-2295
RL(0.3) v RR(0.1),675,359,316,-5921,-3040,-2882
RL(0.3) v RR(0.3),684,349,334,-3942,-1906,-2036
RL(0.3) v RR(0.5),770,421,348,-5372,-2686,-2686
RL(0.3) v RR(0.7),584,299,285,-5124,-2578,-2547
RL(0.3) v RR(0.9),762,390,372,-3388,-1871,-1518
RL(0.3) v RR(1),646,330,316,-5123,-2245,-2878
RL(0.5) v RR(0),2454,1227,1227,-5810,-2568,-3243
RL(0.5) v RR(0.1),2068,1034,1034,-6389,-2714,-3676
RL(0.5) v RR(0.3),2213,1106,1106,-5924,-2925,-3000
RL(0.5) v RR(0.5),2510,1255,1255,-6526,-3263,-3263
RL(0.5) v RR(0.7),1726,863,863,-6050,-2950,-3101
RL(0.5) v RR(0.9),3787,1893,1893,-5657,-2502,-3156
RL(0.5) v RR(1),2447,1223,1223,-5453,-2101,-3352
RL(0.7) v RR(0),3530,1226,2304,-7288,-4081,-3208
RL(0.7) v RR(0.1),2633,936,1697,-7003,-2861,-4142
RL(0.7) v RR(0.3),3446,1186,2260,-7122,-3554,-3568
RL(0.7) v RR(0.5),4237,1445,2791,-7129,-3565,-3565
RL(0.7) v RR(0.7),6045,2023,4021,-6308,-3302,-3007
RL(0.7) v RR(0.9),4416,1506,2909,-5744,-3713,-2032
RL(0.7) v RR(1),3136,1101,2034,-5740,-1672,-4069
RL(0.9) v RR(0),3536,681,2854,-6883,-4204,-2680
RL(0.9) v RR(0.1),4627,864,3763,-6292,-3534,-2758
RL(0.9) v RR(0.3),4539,815,3724,-6606,-3324,-3282
RL(0.9) v RR(0.5),4807,860,3947,-5524,-2762,-2762
RL(0.9) v RR(0.7),3954,736,3217,-6628,-2899,-3730
RL(0.9) v RR(0.9),5515,1013,4502,-7691,-3862,-3829
RL(0.9) v RR(1),5209,927,4282,-6828,-4023,-2806
RL(1) v RR(0),4891,579,4312,-6701,-3681,-3021
RL(1) v RR(0.1),3388,394,2994,-7340,-3471,-3869
RL(1) v RR(0.3),4890,447,4442,-7207,-3707,-3500
RL(1) v RR(0.5),6309,550,5759,-7320,-3660,-3660
RL(1) v RR(0.7),3581,381,3200,-7283,-3444,-3840
RL(1) v RR(0.9),4443,499,3943,-5967,-3812,-2155
RL(1) v RR(1),5059,495,4564,-7450,-3867,-3583
ML(0) v LR(0),591,292,299,-6202,-2654,-3548
ML(0) v LR(0.1),1032,517,515,-3190,-2012,-1178
ML(0) v LR(0.3),894,451,443,-3377,-2080,-1297
ML(0) v LR(0.5),1241,629,612,-2899,-1450,-1450
ML(0) v LR(0.7),1033,544,489,-3251,-1170,-2081
ML(0) v LR(0.9),458,236,221,-1643,-244,-1400
ML(0) v LR(1),499,229,269,-2684,-102,-2582
ML(0.1) v LR(0),679,325,353,-5198,-2815,-2384
ML(0.1) v LR(0.1),911,434,477,-2985,-1859,-1127
ML(0.1) v LR(0.3),1157,571,585,-2262,-1319,-943
ML(0.1) v LR(0.5),1139,535,603,-2481,-1241,-1241
ML(0.1) v LR(0.7),710,410,299,-2786,-950,-1836
ML(0.1) v LR(0.9),471,248,223,-2816,-367,-2450
ML(0.1) v LR(1),569,300,269,-1668,-86,-1583
ML(0.3) v LR(0),658,313,345,-6961,-2669,-4293
ML(0.3) v LR(0.1),1520,816,704,-3187,-1871,-1316
ML(0.3) v LR(0.3),2125,882,1243,-3163,-1780,-1383
ML(0.3) v LR(0.5),1389,593,795,-3353,-1677,-1677
ML(0.3) v LR(0.7),1246,570,675,-2428,-870,-1559
ML(0.3) v LR(0.9),1044,613,431,-2188,-300,-1888
ML(0.3) v LR(1),1616,632,983,-2263,-91,-2173
ML(0.5) v LR(0),4231,2115,2115,-5573,-2009,-3564
ML(0.5) v LR(0.1),7165,3582,3582,-6349,-3742,-2607
ML(0.5) v LR(0.3),5088,2544,2544,-4717,-2250,-2468
ML(0.5) v LR(0.5),3372,1686,1686,-4102,-2051,-2051
ML(0.5) v LR(0.7),4230,2115,2115,-4277,-1426,-2852
ML(0.5) v LR(0.9),4655,2327,2327,-4568,-541,-4027
ML(0.5) v LR(1),3167,1583,1583,-4356,-117,-4240
ML(0.7) v LR(0),7865,3933,3931,-7116,-5382,-1735
ML(0.7) v LR(0.1),7202,3712,3490,-7322,-3683,-3639
ML(0.7) v LR(0.3),6703,3435,3268,-6696,-3374,-3322
ML(0.7) v LR(0.5),4457,2282,2174,-5445,-2723,-2723
ML(0.7) v LR(0.7),3620,1508,2112,-5136,-1739,-3398
ML(0.7) v LR(0.9),6783,3324,3459,-5660,-736,-4924
ML(0.7) v LR(1),5176,2671,2505,-4695,-348,-4347
ML(0.9) v LR(0),8611,4505,4106,-7724,-4462,-3263
ML(0.9) v LR(0.1),5812,2971,2841,-7378,-3207,-4171
ML(0.9) v LR(0.3),7016,3777,3238,-6779,-3485,-3294
ML(0.9) v LR(0.5),8924,4283,4640,-6301,-3151,-3151
ML(0.9) v LR(0.7),7006,3292,3714,-5985,-1985,-4001
ML(0.9) v LR(0.9),5808,2860,2947,-4702,-792,-3911
ML(0.9) v LR(1),4604,1988,2616,-4997,-349,-4649
ML(1) v LR(0),6136,2725,3411,-7241,-3134,-4107
ML(1) v LR(0.1),7354,3584,3769,-8059,-3968,-4092
ML(1) v LR(0.3),8223,3516,4706,-6866,-3476,-3390
ML(1) v LR(0.5),7354,3482,3871,-6526,-3263,-3263
ML(1) v LR(0.7),6698,3334,3363,-5868,-1951,-3918
ML(1) v LR(0.9),6344,3313,3030,-5699,-841,-4858
ML(1) v LR(1),7080,3514,3566,-6005,-255,-5751
LR(0) v DR(0),557,278,279,-6669,-2607,-4062
LR(0) v DR(0.1),622,305,317,-4183,-2671,-1513
LR(0) v DR(0.3),672,326,346,-2808,-1760,-1049
LR(0) v DR(0.5),667,333,333,-2521,-1261,-1261
LR(0) v DR(0.7),594,310,283,-3422,-1142,-2280
LR(0) v DR(0.9),419,221,197,-1712,-254,-1458
LR(0) v DR(1),393,194,198,-2510,-89,-2421
LR(0.1) v DR(0),638,315,322,-4039,-2158,-1881
LR(0.1) v DR(0.1),653,325,328,-3934,-2506,-1428
LR(0.1) v DR(0.3),711,312,399,-2443,-1500,-943
LR(0.1) v DR(0.5),727,332,395,-2551,-1276,-1276
LR(0.1) v DR(0.7),609,303,305,-2472,-853,-1619
LR(0.1) v DR(0.9),435,209,226,-2049,-307,-1742
LR(0.1) v DR(1),398,194,203,-2886,-80,-2806
LR(0.3) v DR(0),734,347,387,-5120,-2410,-2711
LR(0.3) v DR(0.1),812,376,436,-3402,-2229,-1173
LR(0.3) v DR(0.3),871,392,479,-2993,-1786,-1207
LR(0.3) v DR(0.5),780,375,405,-2857,-1429,-1429
LR(0.3) v DR(0.7),1578,611,966,-3203,-1274,-1930
LR(0.3) v DR(0.9),718,304,413,-2352,-346,-2007
LR(0.3) v DR(1),378,183,195,-2495,-87,-2409
LR(0.5) v DR(0),3217,1608,1608,-6440,-3985,-2456
LR(0.5) v DR(0.1),4034,2017,2017,-5323,-2512,-2812
LR(0.5) v DR(0.3),5302,2651,2651,-5261,-2582,-2680
LR(0.5) v DR(0.5),2615,1307,1307,-3545,-1773,-1773
LR(0.5) v DR(0.7),1947,973,973,-4374,-1719,-2655
LR(0.5) v DR(0.9),3330,1665,1665,-2976,-473,-2504
LR(0.5) v DR(1),2342,1171,1171,-3236,-151,-3086
LR(0.7) v DR(0),4480,2926,1554,-5902,-4015,-1887
LR(0.7) v DR(0.1),3752,2461,1291,-5978,-3059,-2920
LR(0.7) v DR(0.3),4199,2738,1461,-4313,-2107,-2207
LR(0.7) v DR(0.5),4965,3258,1707,-4453,-2227,-2227
LR(0.7) v DR(0.7),1357,817,540,-3365,-1306,-2060
LR(0.7) v DR(0.9),2991,1960,1030,-3967,-587,-3380
LR(0.7) v DR(10),3314,2180,1134,-4012,-144,-3869
LR(0.9) v DR(0),3908,3165,743,-7033,-4288,-2746
LR(0.9) v DR(0.1),5481,4556,925,-6300,-3596,-2705
LR(0.9) v DR(0.3),3018,2328,690,-4031,-1954,-2077
LR(0.9) v DR(0.5),2297,1779,518,-4362,-2181,-2181
LR(0.9) v DR(0.7),4300,3440,860,-4265,-1467,-2798
LR(0.9) v DR(0.9),4316,3575,740,-4051,-550,-3501
LR(0.9) v DR(1),5085,4198,887,-4056,-196,-3860
LR(1) v DR(0),2478,2094,383,-6242,-2336,-3907
LR(1) v DR(0.1),4290,3857,432,-5942,-2755,-3188
LR(1) v DR(0.3),5433,4902,531,-5257,-3129,-2129
LR(1) v DR(0.5),2408,1985,422,-3220,-1610,-1610
LR(1) v DR(0.7),4130,3652,477,-4615,-1631,-2985
LR(1) v DR(0.9),3859,3412,446,-4121,-522,-3599
LR(1) v DR(1),4605,4222,382,-4169,-184,-3986
DR(0) v MR(0),580,273,307,-6014,-2757,-3258
DR(0) v MR(0.1),698,356,342,-3828,-2348,-1480
DR(0) v MR(0.3),669,325,343,-3422,-2080,-1342
DR(0) v MR(0.5),836,394,441,-2177,-1089,-1089
DR(0) v MR(0.7),690,321,369,-2410,-831,-1580
DR(0) v MR(0.9),440,197,242,-2017,-289,-1729
DR(0) v MR(1),358,174,184,-2979,-97,-2883
DR(0.1) v MR(0),620,292,328,-5618,-2618,-3000
DR(0.1) v MR(0.1),718,334,383,-3424,-2202,-1223
DR(0.1) v MR(0.3),815,372,442,-2329,-1448,-881
DR(0.1) v MR(0.5),787,354,433,-2317,-1159,-1159
DR(0.1) v MR(0.7),652,332,319,-2734,-915,-1819
DR(0.1) v MR(0.9),432,195,236,-2467,-314,-2153
DR(0.1) v MR(1),406,179,227,-2676,-89,-2588
DR(0.3) v MR(0),854,379,474,-5133,-2549,-2584
DR(0.3) v MR(0.1),757,341,415,-4177,-2482,-1696
DR(0.3) v MR(0.3),850,381,468,-3560,-2094,-1467
DR(0.3) v MR(0.5),1389,565,823,-2790,-1395,-1395
DR(0.3) v MR(0.7),954,409,545,-2997,-1039,-1958
DR(0.3) v MR(0.9),660,280,380,-3032,-415,-2618
DR(0.3) v MR(1),495,224,271,-2420,-99,-2322
DR(0.5) v MR(0),3947,1973,1973,-6502,-3737,-2765
DR(0.5) v MR(0.1),5298,2649,2649,-5420,-2904,-2517
DR(0.5) v MR(0.3),3959,1979,1979,-4844,-3124,-1720
DR(0.5) v MR(0.5),3123,1561,1561,-4502,-2251,-2251
DR(0.5) v MR(0.7),3572,1786,1786,-4170,-1426,-2745
DR(0.5) v MR(0.9),4093,2046,2046,-3647,-461,-3187
DR(0.5) v MR(1),3071,1535,1535,-3050,-133,-2918
DR(0.7) v MR(0),3966,2601,1364,-6392,-2882,-3511
DR(0.7) v MR(0.1),5323,3517,1805,-5969,-3054,-2916
DR(0.7) v MR(0.3),3613,2341,1272,-4274,-2168,-2106
DR(0.7) v MR(0.5),2123,1334,788,-3024,-1512,-1512
DR(0.7) v MR(0.7),1263,755,507,-2478,-922,-1557
DR(0.7) v MR(0.9),4920,3269,1651,-4356,-572,-3785
DR(0.7) v MR(1),3411,2231,1180,-3326,-169,-3157
DR(0.9) v MR(0),3826,3117,708,-6779,-4366,-2414
DR(0.9) v MR(0.1),4421,3606,814,-5171,-3736,-1436
DR(0.9) v MR(0.3),4579,3704,875,-4890,-2428,-2462
DR(0.9) v MR(0.5),2298,1722,576,-3980,-1990,-1990
DR(0.9) v MR(0.7),3678,2940,738,-4386,-1445,-2941
DR(0.9) v MR(0.9),777,502,274,-3329,-556,-2773
DR(0.9) v MR(1),3138,2565,573,-3632,-192,-3440
DR(1) v MR(0),4525,4025,499,-6723,-4112,-2612
DR(1) v MR(0.1),5907,5341,566,-5823,-3216,-2608
DR(1) v MR(0.3),5664,5143,521,-5031,-2591,-2440
DR(1) v MR(0.5),2536,2183,353,-4036,-2018,-2018
DR(1) v MR(0.1),4921,4422,499,-4012,-1366,-2647
DR(1) v MR(0.9),2434,2050,383,-3119,-497,-2623
DR(1) v MR(1),3899,3555,343,-4206,-153,-4054
ML(0)  v DL(0),981,512,468,-1629,-1148,-482
ML(0)  v DL(0.1),1047,535,511,-940,-560,-380
ML(0)  v DL(0.3),1056,507,549,-766,-400,-366
ML(0)  v DL(0.5),400,197,202,-287,-144,-144
ML(0)  v DL(0.7),218,108,110,-181,-94,-87
ML(0)  v DL(0.9),217,104,112,-184,-90,-95
ML(0)  v DL(1),219,107,111,-176,-88,-89
ML(0.1)  v DL(0),1101,575,526,-1441,-899,-542
ML(0.1)  v DL(0.1),1018,501,517,-936,-527,-410
ML(0.1)  v DL(0.3),1026,504,521,-766,-389,-378
ML(0.1)  v DL(0.5),355,175,179,-268,-134,-134
ML(0.1)  v DL(0.7),214,100,114,-191,-97,-94
ML(0.1)  v DL(0.9),188,96,92,-165,-90,-76
ML(0.1)  v DL(1),225,118,106,-192,-91,-102
ML(0.3) v DL(0),1427,662,764,-1571,-947,-625
ML(0.3)  v DL(0.1),1545,712,833,-1207,-592,-616
ML(0.3)  v DL(0.3),1117,528,588,-811,-424,-388
ML(0.3) v DL(0.5),573,273,299,-405,-203,-203
ML(0.3)  v DL(0.7),296,142,154,-236,-118,-119
ML(0.3)  v DL(0.9),186,92,93,-160,-91,-69
ML(0.3) v DL(1),215,107,107,-181,-94,-87
ML(0.5) v DL(0),4575,2287,2287,-3726,-1951,-1775
ML(0.5)  v DL(0.1),3084,1542,1542,-2463,-1015,-1448
ML(0.5)  v DL(0.3),3171,1585,1585,-2225,-1132,-1094
ML(0.5) v DL(0.5),1435,717,717,-976,-488,-488
ML(0.5)  v DL(0.9),892,446,446,-597,-137,-460
ML(0.5)  v DL(0.7),1073,536,536,-733,-396,-338
ML(0.5) v DL(1),792,396,396,-606,-485,-122
ML(0.7)  v DL(0),5796,2898,2898,-4443,-2696,-1747
ML(0.7)  v DL(0.1),5963,3169,2794,-4298,-2161,-2137
ML(0.7)  v DL(0.3),4596,1879,2716,-3043,-1466,-1577
ML(0.7)  v DL(0.5),1899,940,959,-1261,-631,-631
ML(0.7)  v DL(0.7),1304,660,644,-902,-487,-415
ML(0.7)  v DL(0.9),1279,642,637,-862,-537,-325
ML(0.7)  v DL(1),1181,581,600,-851,-534,-318
ML(0.9) v DL(0),8658,4243,4415,-5658,-3564,-2094
ML(0.9)  v DL(0.1),5197,2468,2728,-4061,-1436,-2626
ML(0.9)  v DL(0.3),7222,3553,3669,-4218,-2186,-2032
ML(0.9) v DL(0.5),1917,932,984,-1269,-635,-635
ML(0.9)  v DL(0.7),1297,655,641,-889,-471,-419
ML(0.9)  v DL(0.9),1216,638,577,-864,-509,-355
ML(0.9) v DL(1),1269,666,602,-886,-545,-342
ML(1) v DL(0),9002,4450,4551,-6126,-3961,-2165
ML(1)  v DL(0.1),7109,3730,3379,-4952,-2866,-2087
ML(1)  v DL(0.3),6178,3048,3129,-3777,-1959,-1818
ML(1) v DL(0.5),2006,1057,948,-1378,-689,-689
ML(1)  v DL(0.7),1346,609,736,-928,-528,-401
ML(1)  v DL(0.9),1280,684,596,-884,-545,-340
ML(1) v DL(1),1244,565,679,-873,-522,-351
MD(0) v RR(0),620,322,298,-4955,-2583,-2373
MD(0) v RR(0.1),624,315,308,-4391,-2245,-2147
MD(0) v RR(0.3),621,312,308,-4586,-2274,-2312
MD(0) v RR(0.5),615,338,276,-5315,-2658,-2658
MD(0) v RR(0.7),595,294,301,-4792,-2366,-2427
MD(0) v RR(0.9),593,301,291,-5469,-2892,-2578
MD(0) v RR(1),556,286,269,-5578,-2775,-2803
MD(0.1) v RR(0),623,318,305,-4878,-2363,-2515
MD(0.1) v RR(0.1),634,319,314,-4680,-2545,-2136
MD(0.1) v RR(0.3),700,362,337,-4561,-2228,-2333
MD(0.1) v RR(0.5),713,354,359,-4394,-2197,-2197
MD(0.1) v RR(0.7),615,327,288,-5946,-2702,-3244
MD(0.1) v RR(0.9),774,400,374,-3873,-2034,-1840
MD(0.1) v RR(1),578,291,286,-5170,-2222,-2949
MD(0.3) v RR(0),814,434,380,-5359,-2654,-2706
MD(0.3) v RR(0.1),774,400,374,-3873,-2034,-1840
MD(0.3) v RR(0.1),900,492,407,-5389,-2732,-2657
MD(0.3) v RR(0.5),844,439,405,-3920,-1960,-1960
MD(0.3) v RR(0.7),876,454,421,-4830,-2476,-2355
MD(0.3) v RR(0.9),986,482,504,-4815,-2251,-2565
MD(0.3) v RR(1),882,453,429,-4160,-1832,-2328
MD(0.5) v RR(0),3997,1998,1998,-6894,-4144,-2750
MD(0.5) v RR(0.1),3585,1792,1792,-7529,-4378,-3152
MD(0.5) v RR(0.3),4240,2120,2120,-7063,-3233,-3831
MD(0.5) v RR(0.5),6064,3032,3032,-7726,-3863,-3863
MD(0.5) v RR(0.7),5746,2873,2873,-7093,-3673,-3421
MD(0.5) v RR(0.9),6583,3291,3291,-7352,-4605,-2748
MD(0.5) v RR(1),5320,2660,2660,-6295,-3978,-2318
MD(0.7) v RR(0),6176,3073,3102,-8390,-5308,-3082
MD(0.7) v RR(0.1),7523,3787,3735,-8102,-3948,-4154
MD(0.7) v RR(0.3),6964,3498,3466,-8575,-4795,-3781
MD(0.7) v RR(0.5),7285,3573,3712,-7320,-3660,-3660
MD(0.7) v RR(0.7),8330,4105,4224,-8507,-4350,-4158
MD(0.7) v RR(0.9),9992,5023,4968,-8857,-4656,-4202
MD(0.7) v RR(1),7986,3656,4330,-8614,-4625,-3990
MD(0.9) v RR(0),7257,3317,3939,-8880,-5005,-3875
MD(0.9) v RR(0),8135,4010,4125,-9278,-4758,-4520
MD(0.9) v RR(0.3),7052,3698,3353,-9050,-4788,-4262
MD(0.9) v RR(0.5),6656,3376,3280,-9072,-4536,-4536
MD(0.9) v RR(0.7),8306,4501,3805,-9314,-4954,-4360
MD(0.9) v RR(0.9),7310,3755,3554,-8644,-3931,-4714
MD(0.9) v RR(1),7333,3152,4180,-9290,-5403,-3887
MD(1) v RR(0),6537,3513,3024,-8216,-3914,-4302
MD(1) v RR(0.1),7507,3207,4300,-9270,-4072,-5198
MD(1) v RR(0.3),7334,3118,4216,-9042,-4770,-4273
MD(1) v RR(0.5),7766,3438,4327,-8381,-4191,-4191
MD(1) v RR(0.7),8693,4442,4251,-8658,-4896,-3762
MD(1) v RR(0.9),9587,4751,4835,-9532,-4723,-4810
MD(1) v RR(1),8598,4568,4030,-9036,-5883,-3153
DD(0) v MM(0),800,417,383,-1293,-704,-589
DD(0) v MM(0.1),881,442,438,-1032,-508,-524
DD(0) v MM(0.3),792,419,373,-611,-305,-306
DD(0) v MM(0.5),326,169,156,-249,-125,-125
DD(0) v MM(0.7),196,101,95,-170,-85,-85
DD(0) v MM(0.9),197,88,108,-162,-82,-80
DD(0) v MM(1),200,106,94,-174,-88,-86
DD(0.1) v MM(0),825,416,408,-1608,-834,-774
DD(0.1) v MM(0.1),849,429,419,-1053,-536,-517
DD(0.1) v MM(0.3),777,368,408,-583,-290,-294
DD(0.1) v MM(0.5),338,159,179,-257,-129,-129
DD(0.1) v MM(0.7),214,110,103,-189,-94,-95
DD(0.1) v MM(0.9),209,110,98,-170,-82,-89
DD(0.1) v MM(1),195,95,99,-168,-82,-87
DD(0.3) v MM(0),1214,631,583,-1957,-715,-1243
DD(0.3) v MM(0.1),1155,570,584,-1252,-612,-640
DD(0.3) v MM(0.3),1094,524,569,-872,-423,-450
DD(0.3) v MM(0.5),485,232,253,-377,-189,-189
DD(0.3) v MM(0.7),272,134,137,-205,-106,-100
DD(0.3) v MM(0.9),236,119,117,-215,-103,-112
DD(0.3) v MM(1),234,116,117,-217,-112,-106
DD(0.5) v MM(0),6095,3047,3047,-4517,-2823,-1695
DD(0.5) v MM(0.1),5359,2679,2679,-3584,-861,-2724
DD(0.5) v MM(0.3),3808,1904,1904,-2359,-1101,-1259
DD(0.5) v MM(0.5),1187,593,593,-854,-427,-427
DD(0.5) v MM(0.7),864,432,432,-612,-279,-333
DD(0.5) v MM(0.9),718,359,359,-547,-258,-289
DD(0.5) v MM(1),756,378,378,-616,-256,-360
DD(0.7) v MM(0),6042,3047,2994,-3996,-3210,-787
DD(0.7) v MM(0.1),8963,4701,4262,-5464,-3046,-2418
DD(0.7) v MM(0.3),4531,2170,2361,-2721,-1307,-1414
DD(0.7) v MM(0.5),1464,767,696,-992,-496,-496
DD(0.7) v MM(0.7),1160,572,588,-772,-389,-384
DD(0.7) v MM(0.9),852,416,436,-605,-280,-326
DD(0.7) v MM(1),923,462,461,-677,-320,-357
DD(0.9) v MM(0),7948,3726,4221,-5897,-3841,-2057
DD(0.9) v MM(0.1),7830,3614,4215,-5035,-3250,-1786
DD(0.9) v MM(0.3),3640,1566,2073,-2377,-1080,-1297
DD(0.9) v MM(0.5),1872,1016,855,-1209,-605,-605
DD(0.9) v MM(0.7),1130,554,576,-759,-358,-402
DD(0.9) v MM(0.9),947,456,491,-658,-410,-248
DD(0.9) v MM(1),961,483,477,-699,-299,-401
DD(1) v MM(0),7474,4106,3367,-5526,-1518,-4008
DD(1) v MM(0.1),7836,3903,3932,-5236,-2018,-3218
DD(1) v MM(0.3),7364,3713,3651,-4179,-1947,-2232
DD(1) v MM(0.5),1710,807,903,-1077,-539,-539
DD(1) v MM(0.7),1033,513,520,-716,-361,-356
DD(1) v MM(0.9),858,394,463,-606,-165,-442
DD(1) v MM(1),1018,537,481,-717,-319,-399
DD(0) v RL(0),688,347,340,-4525,-2207,-2319
DD(0) v RL(0.1),722,369,353,-3842,-1405,-2437
DD(0) v RL(0.3),784,389,395,-2524,-985,-1539
DD(0) v RL(0.5),765,379,386,-3016,-1508,-1508
DD(0) v RL(0.7),700,358,342,-3210,-2140,-1070
DD(0) v RL(0.9),434,221,213,-2858,-2482,-376
DD(0) v RL(1),474,224,249,-1939,-1845,-94
DD(0.1) v RL(0),660,318,342,-5768,-3239,-2530
DD(0.1) v RL(0.1),785,389,396,-3954,-1732,-2223
DD(0.1) v RL(0.3),871,442,428,-2803,-1115,-1689
DD(0.1) v RL(0.5),916,466,449,-2173,-1087,-1087
DD(0.1) v RL(0.7),716,356,360,-3060,-2018,-1042
DD(0.1) v RL(0.9),512,261,250,-2775,-2408,-367
DD(0.1) v RL(1),479,245,233,-1970,-1885,-85
DD(0.3) v RL(0),1022,487,534,-5623,-3214,-2410
DD(0.3) v RL(0.1),1123,557,565,-3549,-1321,-2228
DD(0.3) v RL(0.3),3234,1230,2004,-3497,-1695,-1803
DD(0.3) v RL(0.5),3144,1968,1175,-3721,-1861,-1861
DD(0.3) v RL(0.7),1162,611,551,-2018,-1312,-706
DD(0.3) v RL(0.9),820,424,396,-2014,-1714,-301
DD(0.3) v RL(1),1295,781,513,-2768,-2680,-88
DD(0.5) v RL(0),5903,2951,2951,-8058,-3216,-4842
DD(0.5) v RL(0.1),8139,4069,4069,-6245,-2521,-3724
DD(0.5) v RL(0.3),8159,4079,4079,-5823,-2738,-3085
DD(0.5) v RL(0.5),5126,2563,2563,-4645,-2323,-2323
DD(0.5) v RL(0.7),3440,1720,1720,-3941,-2460,-1482
DD(0.5) v RL(0.9),4372,2186,2186,-4040,-3533,-508
DD(0.5) v RL(1),5234,2617,2617,-4946,-4850,-96
DD(0.7) v RL(0),7251,3658,3593,-7599,-2131,-5469
DD(0.7) v RL(0.1),7372,3613,3759,-7778,-3848,-3931
DD(0.7) v RL(0.3),7514,3494,4020,-6224,-2880,-3344
DD(0.7) v RL(0.5),7994,3970,4024,-7071,-3536,-3536
DD(0.7) v RL(0.7),2104,1026,1077,-3569,-2077,-1492
DD(0.7) v RL(0.9),5836,2934,2902,-5232,-4434,-798
DD(0.7) v RL(1),6008,3072,2936,-5106,-4804,-303
DD(0.9) v RL(0),6644,3347,3296,-7784,-2440,-5345
DD(0.9) v RL(0.1),6923,3127,3795,-7620,-3658,-3963
DD(0.9) v RL(0.3),8063,4441,3622,-6710,-3333,-3378
DD(0.9) v RL(0.5),8290,4086,4203,-6649,-3325,-3325
DD(0.9) v RL(0.7),6370,3251,3118,-5324,-3485,-1840
DD(0.9) v RL(0.9),7598,3751,3847,-6220,-5409,-811
DD(0.9) v RL(1),4836,3781,1055,-4807,-4494,-313
DD(1) v RL(0),7089,3457,3632,-7949,-3193,-4756
DD(1) v RL(0.1),6524,2414,4110,-6070,-3986,-2084
DD(1) v RL(0.3),6745,3125,3619,-6053,-2665,-3389
DD(1) v RL(0.5),6242,4255,1987,-5440,-2720,-2720
DD(1) v RL(0.7),5735,3176,2558,-5456,-3603,-1853
DD(1) v RL(0.9),6484,3373,3110,-5259,-4633,-626
DD(1) v RL(1),4764,2958,1805,-4564,-4228,-337
MR(0) v LR(0),546,282,263,-6544,-2826,-3719
MR(0) v LR(0.1),717,365,352,-2525,-1610,-915
MR(0) v LR(0.3),767,358,408,-2180,-1318,-862
MR(0) v LR(0.5),677,337,340,-2312,-1156,-1156
MR(0) v LR(0.7),614,307,307,-2572,-884,-1689
MR(0) v LR(0.9),428,217,211,-2587,-330,-2258
MR(0) v LR(1),415,209,206,-2378,-79,-2299
MR(0.1) v LR(0),646,312,334,-4430,-1924,-2507
MR(0.1) v LR(0.1),755,336,419,-2536,-1804,-733
MR(0.1) v LR(0.3),688,324,363,-3129,-1988,-1142
MR(0.1) v LR(0.5),703,363,340,-2343,-1172,-1172
MR(0.1) v LR(0.7),650,310,340,-2337,-803,-1535
MR(0.1) v LR(0.9),421,201,219,-2981,-373,-2609
MR(0.1) v LR(1),407,201,206,-2568,-94,-2474
MR(0.3) v LR(0),853,379,474,-4714,-2600,-2115
MR(0.3) v LR(0.1),1028,438,590,-4162,-2266,-1897
MR(0.3) v LR(0.3),889,408,480,-2503,-1524,-980
MR(0.3) v LR(0.5),854,391,462,-2632,-1316,-1316
MR(0.3) v LR(0.1),855,395,460,-3141,-1066,-2075
MR(0.3) v LR(0.9),828,334,493,-2893,-378,-2516
MR(0.3) v LR(1),360,179,181,-3215,-89,-3127
MR(0.5) v LR(0),2002,1001,1001,-6788,-3551,-3238
MR(0.5) v LR(0.1),4078,2039,2039,-4496,-1956,-2541
MR(0.5) v LR(0.3),3901,1950,1950,-3954,-1973,-1982
MR(0.5) v LR(0.5),3038,1519,1519,-4213,-2107,-2107
MR(0.5) v LR(0.7),1783,891,891,-3251,-1357,-1895
MR(0.5) v LR(0.9),3231,1615,1615,-3068,-386,-2682
MR(0.5) v LR(1),2549,1274,1274,-3791,-87,-3705
MR(0.7) v LR(0),4394,2881,1512,-6322,-3835,-2488
MR(0.7) v LR(0.1),4879,3194,1685,-5125,-3686,-1440
MR(0.7) v LR(0.3),5823,3845,1978,-5169,-3023,-2146
MR(0.7) v LR(0.5),3916,2548,1368,-5291,-2646,-2646
MR(0.7) v LR(0.7),3888,2547,1341,-4710,-1583,-3127
MR(0.7) v LR(0.9),3735,2456,1279,-3986,-541,-3446
MR(0.7) v LR(1),4085,2703,1382,-4240,-186,-4054
MR(0.9) v LR(0),4404,3629,775,-6922,-4175,-2748
MR(0.9) v LR(0.1),3976,3247,728,-5519,-2546,-2973
MR(0.9) v LR(0.3),6704,5500,1203,-5698,-3137,-2561
MR(0.9) v LR(0.5),5849,4858,991,-5241,-2621,-2621
MR(0.9) v LR(0.7),4478,3535,942,-4285,-1430,-2855
MR(0.9) v LR(0.9),6856,5609,1246,-5456,-2952,-2504
MR(0.9) v LR(1),3920,3192,728,-4230,-171,-4059
MR(1) v LR(0),4284,3796,488,-5640,-4030,-1611
MR(1) v LR(0.1),5508,5045,463,-5868,-3347,-2522
MR(1) v LR(0.3),6780,6139,640,-5328,-2630,-2698
MR(1) v LR(0.5),2822,2422,400,-3720,-1860,-1860
MR(1) v LR(0.7),3659,3116,542,-3913,-1314,-2599
MR(1) v LR(0.9),4076,3662,413,-4400,-559,-3842
MR(1) v LR(1),3686,3318,368,-4220,-204,-4017
